"npe","total_sop","neuron_spikes","total_synapse_msgs","runtime","total"
1,949683126,29537436,12689489960,63.239873,101183795973.000000 
